BOROUGH_GROUP,CONFIRMED_CASE_RATE,CASE_RATE,HOSPITALIZED_RATE,DEATH_RATE,CONFIRMED_CASE_COUNT,PROBABLE_CASE_COUNT,CASE_COUNT,HOSPITALIZED_COUNT,DEATH_COUNT
Bronx,11425.41,13944.3,1742.76,469.32,162036,35723,197759,24716,6656
Brooklyn,9960.18,12083.86,1366.07,416.19,254971,54364,309335,34970,10654
Manhattan,7520.26,9433.13,1005.4,281.51,122483,31155,153638,16375,4585
Queens,10949.09,13264.01,1539.89,447.9,246777,52175,298952,34707,10095
StatenIsland,14587.42,17486.76,1373.54,396.73,69457,13805,83262,6540,1889
Citywide,10265.06,12511.43,1407.4,406.71,855779,187276,1043055,117332,33907
