modzcta,modzcta_name,label,lat,lon,percentpositivity_7day,people_tested,people_positive,median_daily_test_rate,adequately_tested,daterange
10001,Chelsea/NoMad/West Chelsea,"10001, 10118",40.750693,-73.997137,1.56,1479,23,814.8,Yes,September 4-September 10
10002,Chinatown/Lower East Side,10002,40.715781,-73.986176,3.08,2238,69,540.3,Yes,September 4-September 10
10003,East Village/Gramercy/Greenwich Village,10003,40.731825,-73.989164,1.98,3785,75,1119,Yes,September 4-September 10
10004,Financial District,10004,40.703675,-74.013106,1.16,258,3,1110.3,Yes,September 4-September 10
10005,Financial District,10005,40.706092,-74.008861,2.29,436,10,867.9,Yes,September 4-September 10
10006,Financial District,10006,40.709651,-74.013044,1.15,174,2,828,Yes,September 4-September 10
10007,TriBeCa,10007,40.713923,-74.007546,1.85,433,8,1001.2,Yes,September 4-September 10
10009,Alphabet City/East Village/Stuyvesant Town-Cooper Village,10009,40.72638,-73.978704,2.22,2248,50,699.9,Yes,September 4-September 10
10010,Flatiron/Gramercy/Kips Bay,10010,40.739119,-73.982544,1.73,1615,28,734.6,Yes,September 4-September 10
10011,Chelsea,10011,40.741707,-74.000062,2.43,2182,53,609.1,Yes,September 4-September 10
10012,Greenwich Village/SoHo,10012,40.725576,-73.998078,2.49,1243,31,872.5,Yes,September 4-September 10
10013,Hudson Square/Little Italy/SoHo/TriBeCa,10013,40.720096,-74.004763,1.91,1568,30,759.9,Yes,September 4-September 10
10014,Hudson Square/Meatpacking District/West Village,10014,40.73402,-74.006314,2.16,1342,29,721.9,Yes,September 4-September 10
10016,Kips Bay/Murray Hill/NoMad,10016,40.745174,-73.978319,2.08,2639,55,740.5,Yes,September 4-September 10
10017,East Midtown/Murray Hill,10017,40.752543,-73.973037,0.96,935,9,877.5,Yes,September 4-September 10
10018,Hell's Kitchen/Midtown Manhattan,10018,40.755191,-73.992667,2.07,1161,24,1390.9,Yes,September 4-September 10
10019,Hell's Kitchen/Midtown Manhattan,"10019, 10020",40.76528,-73.985974,1.7,2762,47,1006.4,Yes,September 4-September 10
10021,Lenox Hill/Upper East Side,10021,40.769474,-73.958771,1.82,2037,37,627.8,Yes,September 4-September 10
10022,East Midtown,10022,40.758676,-73.968098,1.61,1679,27,708.8,Yes,September 4-September 10
10023,Lincoln Square,10023,40.775901,-73.982658,1.02,3338,34,908,Yes,September 4-September 10
10024,Upper West Side,10024,40.792085,-73.974871,1.18,3376,40,852.6,Yes,September 4-September 10
10025,Manhattan Valley/Morningside Heights/Upper West Side,10025,40.798651,-73.966585,0.9,5529,50,758.6,Yes,September 4-September 10
10026,Central Harlem (South),10026,40.802341,-73.952521,1.49,1612,24,589.7,Yes,September 4-September 10
10027,Central Harlem (South)/Morningside Heights/West Harlem,10027,40.8118,-73.953204,2.17,2948,64,481.1,Yes,September 4-September 10
10028,Upper East Side/Yorkville,10028,40.776432,-73.953509,1.41,2263,32,694.5,Yes,September 4-September 10
10029,East Harlem,10029,40.791777,-73.943969,2.87,2402,69,530.5,Yes,September 4-September 10
10030,Central Harlem (North),10030,40.818326,-73.942842,3.02,894,27,457.8,Yes,September 4-September 10
10031,Hamilton Heights/West Harlem,10031,40.825278,-73.950037,2.86,1609,46,386.3,Yes,September 4-September 10
10032,Washington Heights (South),10032,40.838768,-73.942824,2.47,1497,37,360,Yes,September 4-September 10
10033,Washington Heights (North)/Washington Heights (South),10033,40.850497,-73.934007,2.24,1292,29,353.7,Yes,September 4-September 10
10034,Inwood/Washington Heights (North),10034,40.867168,-73.924048,3.03,892,27,305.4,Yes,September 4-September 10
10035,East Harlem,10035,40.791,-73.924596,2.61,1034,27,462.5,Yes,September 4-September 10
10036,Hell's Kitchen/Midtown Manhattan,10036,40.75916,-73.989705,1.38,2539,35,1171,Yes,September 4-September 10
10037,Central Harlem (North)/East Harlem,10037,40.812957,-73.937419,3.25,646,21,505,Yes,September 4-September 10
10038,Chinatown/Financial District,10038,40.709696,-74.002391,2.85,843,24,559.8,Yes,September 4-September 10
10039,Central Harlem (North)/Washington Heights (South),10039,40.830807,-73.936247,2.06,778,16,452.5,Yes,September 4-September 10
10040,Washington Heights (North),10040,40.85831,-73.93049,3.67,1008,37,343.4,Yes,September 4-September 10
10044,Roosevelt Island,10044,40.761931,-73.949924,1.78,505,9,505.5,Yes,September 4-September 10
10065,Lenox Hill/Upper East Side,10065,40.764616,-73.963135,1.65,1759,29,756.3,Yes,September 4-September 10
10069,Lincoln Square,10069,40.775924,-73.990256,0.9,558,5,1511.6,Yes,September 4-September 10
10075,Lenox Hill/Upper East Side,"10075, 10162",40.773132,-73.955884,0.73,1227,9,794.1,Yes,September 4-September 10
10128,Upper East Side/Yorkville,10128,40.781466,-73.950226,1.61,2862,46,783.8,Yes,September 4-September 10
10280,Battery Park City,10280,40.709318,-74.016654,1.82,330,6,706.2,Yes,September 4-September 10
10282,Battery Park City,10282,40.716409,-74.015077,0,268,0,735.8,Yes,September 4-September 10
10301,Silver Lake/St. George,10301,40.628224,-74.096232,4.44,1239,55,470.4,Yes,September 4-September 10
10302,Elm Park,10302,40.630598,-74.137891,6.57,533,35,438.2,Yes,September 4-September 10
10303,Graniteville/Mariner's Harbor/Port Ivory,10303,40.632135,-74.169166,4.41,726,32,403.6,Yes,September 4-September 10
10304,New Dorp/Todt Hill,10304,40.605985,-74.0943,4.55,1386,63,520.4,Yes,September 4-September 10
10305,Arrochar/Midland Beach/Shore Acres/South Beach Ocean Breeze,10305,40.595474,-74.075437,3.91,1254,49,415.3,Yes,September 4-September 10
10306,Lighthouse Hill/Midland Beach/New Dorp/Oakwood,10306,40.571571,-74.125541,4.96,1633,81,518.9,Yes,September 4-September 10
10307,Tottenville,10307,40.507771,-74.24227,8.47,425,36,442.6,Yes,September 4-September 10
10308,Great Kills,10308,40.551574,-74.150454,6.11,884,54,442.6,Yes,September 4-September 10
10309,Charleston/Prince's Bay/Woodrow,10309,40.531355,-74.220574,7.45,1100,82,537.3,Yes,September 4-September 10
10310,Port Richmond/Randall Manor/West Brighton,10310,40.632398,-74.11618,2.65,755,20,546,Yes,September 4-September 10
10312,Annadale/Rossville,10312,40.545128,-74.18169,6.02,1828,110,411.1,Yes,September 4-September 10
10314,Bloomfield/Freshkills Park,10314,40.599333,-74.166462,4.5,2665,120,435.6,Yes,September 4-September 10
10451,Concourse/Melrose,10451,40.820705,-73.923865,4.09,1320,54,434.9,Yes,September 4-September 10
10452,Concourse/Highbridge,10452,40.837364,-73.923461,3.22,1552,50,360.3,Yes,September 4-September 10
10453,Morris Heights/Mount Hope/University Heights,10453,40.852304,-73.913578,4.47,1545,69,297.4,Yes,September 4-September 10
10454,Mott Haven/Port Morris,10454,40.805487,-73.916605,4.86,844,41,343.6,Yes,September 4-September 10
10455,Mott Haven,10455,40.8147,-73.908583,3.33,960,32,346.1,Yes,September 4-September 10
10456,Claremont/Morrisania,10456,40.829884,-73.908121,3.13,1984,62,350.9,Yes,September 4-September 10
10457,Belmont/Claremont/Mount Hope/Tremont,10457,40.847151,-73.898676,3.32,1446,48,283.5,Yes,September 4-September 10
10458,Belmont/Fordham University/Kingsbridge,10458,40.862531,-73.88817,3.33,1531,51,326.3,Yes,September 4-September 10
10459,Charlotte Gardens/Hunts Point,10459,40.82584,-73.892976,3.51,1082,38,321.7,Yes,September 4-September 10
10460,Charlotte Gardens/Tremont/Van Nest/West Farms,10460,40.841753,-73.879584,3.31,1209,40,348.2,Yes,September 4-September 10
10461,Morris Park/Pelham Bay/Westchester Square,10461,40.847415,-73.840601,5.7,1211,69,356.4,Yes,September 4-September 10
10462,Parkchester/Pelham Parkway/Van Nest/Westchester Square,10462,40.842874,-73.858772,4.08,1742,71,371.8,Yes,September 4-September 10
10463,Kingsbridge/Marble Hill/Riverdale/Spuyten Duyvil,10463,40.880824,-73.906514,3.12,1763,55,347.2,Yes,September 4-September 10
10464,City Island,10464,40.872311,-73.804653,1.04,96,1,420,Yes,September 4-September 10
10465,Country Club/Throgs Neck,10465,40.823931,-73.822886,3.77,876,33,289.9,Yes,September 4-September 10
10466,Edenwald/Wakefield,10466,40.890965,-73.845912,4.46,1817,81,413.7,Yes,September 4-September 10
10467,Allerton/Norwood/Pelham Parkway/Williamsbridge,10467,40.880939,-73.873956,3.6,2443,88,341,Yes,September 4-September 10
10468,Fordham/Kingsbridge/University Heights,10468,40.868161,-73.899844,2.73,1463,40,303.3,Yes,September 4-September 10
10469,Allerton/Baychester/Pelham Gardens/Williamsbridge,10469,40.86876,-73.846984,2.91,1755,51,411.7,Yes,September 4-September 10
10470,Wakefield/Woodlawn,10470,40.895986,-73.86802,3.54,396,14,460.3,Yes,September 4-September 10
10471,Fieldston/North Riverdale/Riverdale,10471,40.899509,-73.901518,1.67,717,12,550.8,Yes,September 4-September 10
10472,Soundview,10472,40.829561,-73.869393,2.76,1305,36,301.6,Yes,September 4-September 10
10473,Castle Hill/Clason Point/Soundview,10473,40.818135,-73.858718,5.07,1579,80,394.2,Yes,September 4-September 10
10474,Hunts Point,10474,40.810595,-73.884618,1.76,284,5,275.6,Yes,September 4-September 10
10475,Co-op City/Edenwald,10475,40.868941,-73.824854,2.44,1272,31,484.4,Yes,September 4-September 10
11004,Bellerose/Douglaston-Little Neck,"11004, 11005",40.748068,-73.710907,3.56,450,16,369.4,Yes,September 4-September 10
11101,Astoria (South)/Long Island City/Sunnyside,11101,40.747077,-73.938586,2.31,1821,42,594.5,Yes,September 4-September 10
11102,Astoria (North),11102,40.772498,-73.925912,3.04,1053,32,492.6,Yes,September 4-September 10
11103,Astoria (North)/Astoria (South),11103,40.762536,-73.913541,2.37,1137,27,535.2,Yes,September 4-September 10
11104,Sunnyside,11104,40.744658,-73.920205,1.68,832,14,471.8,Yes,September 4-September 10
11105,Ditmars Steinway,11105,40.778969,-73.906286,2.63,835,22,378.6,Yes,September 4-September 10
11106,Astoria (South),11106,40.761792,-73.931771,2.85,1192,34,462.2,Yes,September 4-September 10
11109,Long Island City,11109,40.746211,-73.956999,1.72,290,5,572.6,Yes,September 4-September 10
11201,Brooklyn Heights/DUMBO/Downtown Brooklyn,11201,40.694609,-73.989581,1.27,3703,47,1004.9,Yes,September 4-September 10
11203,East Flatbush (North)/East Flatbush (South),11203,40.649576,-73.934363,2.72,2390,65,575.6,Yes,September 4-September 10
11204,Bensonhurst/Mapleton,11204,40.618774,-73.984824,4.78,1402,67,276.3,Yes,September 4-September 10
11205,Bedford-Stuyvesant (West)/Clinton Hill/Fort Greene,11205,40.694625,-73.966212,2.57,1752,45,659.6,Yes,September 4-September 10
11206,Williamsburg (South),11206,40.701957,-73.942361,3.17,2399,76,432.5,Yes,September 4-September 10
11207,Cypress Hills/East New York,11207,40.670819,-73.894255,3.78,2854,108,565,Yes,September 4-September 10
11208,Cypress Hills/East New York,11208,40.668385,-73.871084,3.84,2216,85,393.4,Yes,September 4-September 10
11209,Bay Ridge/Fort Hamilton,11209,40.621811,-74.030011,3.5,2200,77,525.8,Yes,September 4-September 10
11210,Flatlands/Midwood,11210,40.628165,-73.946316,2.91,1579,46,403.4,Yes,September 4-September 10
11211,East Williamsburg/Williamsburg (North)/Williamsburg (South),"11211, 11249",40.712334,-73.953851,3.16,3674,116,642.3,Yes,September 4-September 10
11212,Ocean Hill-Brownsville,11212,40.662935,-73.913011,3.94,2384,94,608.4,Yes,September 4-September 10
11213,Crown Heights (East),11213,40.671074,-73.93633,2.96,2260,67,626.9,Yes,September 4-September 10
11214,Bath Beach/Bensonhurst/Gravesend,11214,40.598729,-73.99621,3.89,1695,66,287.7,Yes,September 4-September 10
11215,Gowanus/Park Slope/Windsor Terrace,11215,40.66252,-73.986872,1.88,3350,63,787.1,Yes,September 4-September 10
11216,Bedford-Stuyvesant (West)/Crown Heights (West),11216,40.680785,-73.94931,2.17,2254,49,609.2,Yes,September 4-September 10
11217,Boerum Hill/Park Slope,"11217, 11243",40.682417,-73.97938,1.75,2117,37,905.3,Yes,September 4-September 10
11218,Kensington/Windsor Terrace,11218,40.64348,-73.976044,2.51,2394,60,531.1,Yes,September 4-September 10
11219,Borough Park,11219,40.632662,-73.996666,5.31,1337,71,222,No,September 4-September 10
11220,Sunset Park,11220,40.641081,-74.016495,1.75,1881,33,300.2,Yes,September 4-September 10
11221,Bedford-Stuyvesant (East)/Bushwick,11221,40.691339,-73.927885,3.49,2753,96,486.2,Yes,September 4-September 10
11222,Greenpoint,11222,40.728292,-73.947562,1.97,1828,36,836,Yes,September 4-September 10
11223,Gravesend/Homecrest,11223,40.597169,-73.973422,6.15,1464,90,300.6,Yes,September 4-September 10
11224,Brighton Beach/Coney Island/Seagate,11224,40.57666,-73.988581,3.49,1002,35,322,Yes,September 4-September 10
11225,Crown Heights (West)/Prospect Lefferts Gardens,11225,40.663056,-73.954226,1.57,2040,32,606.8,Yes,September 4-September 10
11226,Flatbush/Prospect Lefferts Gardens,11226,40.646456,-73.956654,1.74,3333,58,578.3,Yes,September 4-September 10
11228,Bath Beach/Dyker Heights,11228,40.616715,-74.013054,2.41,1080,26,400.2,Yes,September 4-September 10
11229,Gerritsen Beach/Homecrest/Sheepshead Bay,11229,40.601175,-73.944465,4.59,1654,76,294.5,Yes,September 4-September 10
11230,Midwood,11230,40.622164,-73.965096,4.19,1959,82,367.9,Yes,September 4-September 10
11231,Carroll Gardens/Cobble Hill/Red Hook,11231,40.677562,-74.004445,1.92,1774,34,786.6,Yes,September 4-September 10
11232,Sunset Park,11232,40.655984,-74.005304,2.9,689,20,395,Yes,September 4-September 10
11233,Bedford-Stuyvesant (East)/Ocean Hill-Brownsville,11233,40.678302,-73.919931,2.58,2366,61,558.4,Yes,September 4-September 10
11234,Bergen Beach/Flatlands/Marine Park/Mill Basin,11234,40.60758,-73.910513,3.75,2211,83,405.1,Yes,September 4-September 10
11235,Brighton Beach/Manhattan Beach/Sheepshead Bay,11235,40.583915,-73.949669,3.38,1807,61,338.9,Yes,September 4-September 10
11236,Canarsie,11236,40.640004,-73.901459,3.26,2883,94,510.7,Yes,September 4-September 10
11237,Bushwick/East Williamsburg,11237,40.704153,-73.920883,2.48,1292,32,393.7,Yes,September 4-September 10
11238,Clinton Hill/Prospect Heights,11238,40.679179,-73.963804,2.27,2728,62,844.1,Yes,September 4-September 10
11239,East New York,11239,40.64753,-73.882398,2.49,522,13,683.4,Yes,September 4-September 10
11354,Flushing/Murray Hill,11354,40.76863,-73.827229,2.92,855,25,250.4,No,September 4-September 10
11355,Flushing/Murray Hill/Queensboro Hill,11355,40.751459,-73.821014,4.5,1200,54,238.4,No,September 4-September 10
11356,College Point,11356,40.784867,-73.841495,5.26,456,24,258.6,No,September 4-September 10
11357,Whitestone,11357,40.78639,-73.810964,2.82,779,22,284.1,Yes,September 4-September 10
11358,Auburndale/Murray Hill,11358,40.760475,-73.79637,2.75,690,19,291.5,Yes,September 4-September 10
11360,Bayside (North),11360,40.78205,-73.7808,3.3,454,15,273,Yes,September 4-September 10
11361,Bayside (North)/Bayside (South),11361,40.763748,-73.772419,3.15,476,15,246.5,No,September 4-September 10
11362,Douglaston-Little Neck,11362,40.756533,-73.736995,2.33,386,9,298.3,Yes,September 4-September 10
11363,Douglaston-Little Neck,11363,40.772803,-73.746444,0.75,133,1,311.8,Yes,September 4-September 10
11364,Bayside (South)/Oakland Gardens,11364,40.745279,-73.760578,3.92,714,28,311,Yes,September 4-September 10
11365,Auburndale/Fresh Meadows/Pomonok/Utopia,11365,40.739775,-73.794806,2.66,828,22,303.5,Yes,September 4-September 10
11366,Fresh Meadows/Hillcrest,11366,40.728136,-73.784981,5.62,267,15,267.5,Yes,September 4-September 10
11367,Kew Gardens Hills/Pomonok,11367,40.730383,-73.826297,3.52,738,26,277.8,Yes,September 4-September 10
11368,Corona/North Corona,11368,40.749594,-73.852604,3.7,1948,72,251,No,September 4-September 10
11369,Airport/East Elmhurst,11369,40.768944,-73.872812,4.34,807,35,303.3,Yes,September 4-September 10
11370,Jackson Heights/Rikers Island,11370,40.763466,-73.891021,2.85,632,18,283.2,Yes,September 4-September 10
11372,Jackson Heights,11372,40.75169,-73.883634,2.45,1634,40,352.7,Yes,September 4-September 10
11373,Elmhurst,11373,40.738823,-73.8785,2.93,1944,57,338.2,Yes,September 4-September 10
11374,Rego Park,11374,40.726441,-73.861497,3.74,1044,39,328.6,Yes,September 4-September 10
11375,Forest Hills,11375,40.720931,-73.846184,4.68,1775,83,329.7,Yes,September 4-September 10
11377,Woodside,11377,40.744823,-73.90516,3.02,2217,67,389.1,Yes,September 4-September 10
11378,Maspeth,11378,40.724768,-73.909399,5.05,792,40,279.4,Yes,September 4-September 10
11379,Middle Village,11379,40.716758,-73.879597,5.23,803,42,303,Yes,September 4-September 10
11385,Glendale/Ridgewood,11385,40.701058,-73.890159,4.18,2297,96,305.9,Yes,September 4-September 10
11411,Cambria Heights,11411,40.694202,-73.735998,3.01,565,17,397.6,Yes,September 4-September 10
11412,St. Albans,11412,40.698095,-73.758984,2.86,1153,33,525,Yes,September 4-September 10
11413,Laurelton/Rosedale,11413,40.669738,-73.750842,2.52,1153,29,418.9,Yes,September 4-September 10
11414,Hamilton Beach/Howard Beach/Lindenwood,11414,40.658266,-73.844905,4.13,581,24,275.1,Yes,September 4-September 10
11415,Kew Gardens,11415,40.708323,-73.828212,2.14,420,9,333.8,Yes,September 4-September 10
11416,Ozone Park,11416,40.684652,-73.849549,3.27,490,16,272.8,Yes,September 4-September 10
11417,Ozone Park,11417,40.676457,-73.844522,5.16,601,31,338.3,Yes,September 4-September 10
11418,Richmond Hill,11418,40.700236,-73.836062,3.65,740,27,327.3,Yes,September 4-September 10
11419,Richmond Hill/South Ozone Park,11419,40.688676,-73.822901,3.04,887,27,268,Yes,September 4-September 10
11420,South Ozone Park,11420,40.673518,-73.817812,3.18,975,31,292.7,Yes,September 4-September 10
11421,Woodhaven,11421,40.69405,-73.85867,3.36,744,25,242.2,No,September 4-September 10
11422,Rosedale,11422,40.660819,-73.73608,2.34,942,22,469.3,Yes,September 4-September 10
11423,Hollis/Holliswood,11423,40.71491,-73.767865,2.79,754,21,420.7,Yes,September 4-September 10
11426,Bellerose,11426,40.736521,-73.722384,2.52,436,11,312.4,Yes,September 4-September 10
11427,Bellerose/Hollis Hills/Holliswood,11427,40.730915,-73.745611,1.75,515,9,356.3,Yes,September 4-September 10
11428,Queens Village,11428,40.721015,-73.742206,2.82,496,14,387.5,Yes,September 4-September 10
11429,Queens Village,11429,40.709772,-73.738731,1.88,745,14,399.1,Yes,September 4-September 10
11432,Hillcrest/Jamaica Estates/Jamaica Hills,11432,40.715359,-73.793064,2.15,1207,26,345.7,Yes,September 4-September 10
11433,Jamaica,11433,40.69823,-73.787095,3.32,903,30,397,Yes,September 4-September 10
11434,Airport/South Jamaica/Springfield Gardens/St. Albans,11434,40.656866,-73.783386,2.53,1821,46,444.9,Yes,September 4-September 10
11435,Briarwood/Jamaica,11435,40.701291,-73.809618,3.9,1129,44,296.2,Yes,September 4-September 10
11436,South Jamaica/South Ozone Park,11436,40.675819,-73.796618,2.84,493,14,379.2,Yes,September 4-September 10
11691,Edgemere/Far Rockaway,11691,40.60133,-73.761357,4.18,1388,58,369.4,Yes,September 4-September 10
11692,Arverne/Edgemere,11692,40.592794,-73.792203,3.52,511,18,356.6,Yes,September 4-September 10
11693,Arverne/Broad Channel,11693,40.603699,-73.821926,5.45,257,14,315.7,Yes,September 4-September 10
11694,Belle Harbor-Neponsit/Rockaway Park,11694,40.577599,-73.844553,4.35,437,19,356.1,Yes,September 4-September 10
11697,Breezy Point,11697,40.55907,-73.907199,8.25,97,8,265.3,Yes,September 4-September 10
