modzcta,modzcta_name,label,lat,lon,percentpositivity_7day,people_tested,people_positive,median_daily_test_rate,adequately_tested,daterange
10001,Chelsea/NoMad/West Chelsea,"10001, 10118",40.750693,-73.997137,2.47,1295,32,782.2,Yes,August 28-September 3
10002,Chinatown/Lower East Side,10002,40.715781,-73.986176,2.59,2507,65,570.9,Yes,August 28-September 3
10003,East Village/Gramercy/Greenwich Village,10003,40.731825,-73.989164,2.02,3114,63,1020.8,Yes,August 28-September 3
10004,Financial District,10004,40.703675,-74.013106,1.41,142,2,773.9,Yes,August 28-September 3
10005,Financial District,10005,40.706092,-74.008861,3.56,421,15,753.7,Yes,August 28-September 3
10006,Financial District,10006,40.709651,-74.013044,0.65,153,1,709.7,Yes,August 28-September 3
10007,TriBeCa,10007,40.713923,-74.007546,2.99,301,9,829.6,Yes,August 28-September 3
10009,Alphabet City/East Village/Stuyvesant Town-Cooper Village,10009,40.72638,-73.978704,3.58,2263,81,687.7,Yes,August 28-September 3
10010,Flatiron/Gramercy/Kips Bay,10010,40.739119,-73.982544,1.99,1556,31,848.5,Yes,August 28-September 3
10011,Chelsea,10011,40.741707,-74.000062,2.1,1999,42,699.6,Yes,August 28-September 3
10012,Greenwich Village/SoHo,10012,40.725576,-73.998078,1.6,1065,17,812,Yes,August 28-September 3
10013,Hudson Square/Little Italy/SoHo/TriBeCa,10013,40.720096,-74.004763,2.73,1174,32,700.9,Yes,August 28-September 3
10014,Hudson Square/Meatpacking District/West Village,10014,40.73402,-74.006314,2.4,1167,28,728.5,Yes,August 28-September 3
10016,Kips Bay/Murray Hill/NoMad,10016,40.745174,-73.978319,2.49,2655,66,929.1,Yes,August 28-September 3
10017,East Midtown/Murray Hill,10017,40.752543,-73.973037,1.89,900,17,1018.4,Yes,August 28-September 3
10018,Hell's Kitchen/Midtown Manhattan,10018,40.755191,-73.992667,1.34,893,12,1263.7,Yes,August 28-September 3
10019,Hell's Kitchen/Midtown Manhattan,"10019, 10020",40.76528,-73.985974,2.1,2768,58,1201.7,Yes,August 28-September 3
10021,Lenox Hill/Upper East Side,10021,40.769474,-73.958771,1.78,1686,30,647.4,Yes,August 28-September 3
10022,East Midtown,10022,40.758676,-73.968098,2.06,1361,28,760.6,Yes,August 28-September 3
10023,Lincoln Square,10023,40.775901,-73.982658,1.29,3248,42,989,Yes,August 28-September 3
10024,Upper West Side,10024,40.792085,-73.974871,1.7,2998,51,977.5,Yes,August 28-September 3
10025,Manhattan Valley/Morningside Heights/Upper West Side,10025,40.798651,-73.966585,1.23,5520,68,1108.9,Yes,August 28-September 3
10026,Central Harlem (South),10026,40.802341,-73.952521,2.13,1642,35,719,Yes,August 28-September 3
10027,Central Harlem (South)/Morningside Heights/West Harlem,10027,40.8118,-73.953204,1.6,3494,56,955.9,Yes,August 28-September 3
10028,Upper East Side/Yorkville,10028,40.776432,-73.953509,2.07,1883,39,641.8,Yes,August 28-September 3
10029,East Harlem,10029,40.791777,-73.943969,4.04,2129,86,423.1,Yes,August 28-September 3
10030,Central Harlem (North),10030,40.818326,-73.942842,3.8,868,33,471.5,Yes,August 28-September 3
10031,Hamilton Heights/West Harlem,10031,40.825278,-73.950037,2.26,1636,37,452.4,Yes,August 28-September 3
10032,Washington Heights (South),10032,40.838768,-73.942824,2.64,1702,45,426.6,Yes,August 28-September 3
10033,Washington Heights (North)/Washington Heights (South),10033,40.850497,-73.934007,2.32,1424,33,367.4,Yes,August 28-September 3
10034,Inwood/Washington Heights (North),10034,40.867168,-73.924048,4.45,922,41,352.7,Yes,August 28-September 3
10035,East Harlem,10035,40.791,-73.924596,3.47,1065,37,496.6,Yes,August 28-September 3
10036,Hell's Kitchen/Midtown Manhattan,10036,40.75916,-73.989705,2.26,1857,42,1237.1,Yes,August 28-September 3
10037,Central Harlem (North)/East Harlem,10037,40.812957,-73.937419,4.16,697,29,514.6,Yes,August 28-September 3
10038,Chinatown/Financial District,10038,40.709696,-74.002391,3.31,785,26,607.9,Yes,August 28-September 3
10039,Central Harlem (North)/Washington Heights (South),10039,40.830807,-73.936247,3.8,685,26,367.9,Yes,August 28-September 3
10040,Washington Heights (North),10040,40.85831,-73.93049,3.01,1128,34,420.8,Yes,August 28-September 3
10044,Roosevelt Island,10044,40.761931,-73.949924,1.24,643,8,668.3,Yes,August 28-September 3
10065,Lenox Hill/Upper East Side,10065,40.764616,-73.963135,1.5,1536,23,813.6,Yes,August 28-September 3
10069,Lincoln Square,10069,40.775924,-73.990256,1.25,479,6,1145.7,Yes,August 28-September 3
10075,Lenox Hill/Upper East Side,"10075, 10162",40.773132,-73.955884,1.39,1079,15,837.5,Yes,August 28-September 3
10128,Upper East Side/Yorkville,10128,40.781466,-73.950226,1.62,2469,40,754.8,Yes,August 28-September 3
10280,Battery Park City,10280,40.709318,-74.016654,1.29,311,4,481.5,Yes,August 28-September 3
10282,Battery Park City,10282,40.716409,-74.015077,2.82,177,5,466.6,Yes,August 28-September 3
10301,Silver Lake/St. George,10301,40.628224,-74.096232,6.67,1169,78,480.7,Yes,August 28-September 3
10302,Elm Park,10302,40.630598,-74.137891,5.23,535,28,378.7,Yes,August 28-September 3
10303,Graniteville/Mariner's Harbor/Port Ivory,10303,40.632135,-74.169166,4.18,789,33,433.8,Yes,August 28-September 3
10304,New Dorp/Todt Hill,10304,40.605985,-74.0943,5.52,1449,80,563.4,Yes,August 28-September 3
10305,Arrochar/Midland Beach/Shore Acres/South Beach Ocean Breeze,10305,40.595474,-74.075437,6.14,1270,78,492.3,Yes,August 28-September 3
10306,Lighthouse Hill/Midland Beach/New Dorp/Oakwood,10306,40.571571,-74.125541,6.01,1631,98,503.7,Yes,August 28-September 3
10307,Tottenville,10307,40.507771,-74.24227,8.71,425,37,409.1,Yes,August 28-September 3
10308,Great Kills,10308,40.551574,-74.150454,8.02,923,74,476.2,Yes,August 28-September 3
10309,Charleston/Prince's Bay/Woodrow,10309,40.531355,-74.220574,9,1089,98,482.7,Yes,August 28-September 3
10310,Port Richmond/Randall Manor/West Brighton,10310,40.632398,-74.11618,5.2,750,39,507.6,Yes,August 28-September 3
10312,Annadale/Rossville,10312,40.545128,-74.18169,7.18,1824,131,519.2,Yes,August 28-September 3
10314,Bloomfield/Freshkills Park,10314,40.599333,-74.166462,4.92,2723,134,479.9,Yes,August 28-September 3
10451,Concourse/Melrose,10451,40.820705,-73.923865,3.94,1321,52,384.2,Yes,August 28-September 3
10452,Concourse/Highbridge,10452,40.837364,-73.923461,4.75,1662,79,308.5,Yes,August 28-September 3
10453,Morris Heights/Mount Hope/University Heights,10453,40.852304,-73.913578,3.35,1582,53,354.6,Yes,August 28-September 3
10454,Mott Haven/Port Morris,10454,40.805487,-73.916605,3.56,900,32,388.6,Yes,August 28-September 3
10455,Mott Haven,10455,40.8147,-73.908583,2.85,1018,29,341.3,Yes,August 28-September 3
10456,Claremont/Morrisania,10456,40.829884,-73.908121,2.78,1939,54,321.9,Yes,August 28-September 3
10457,Belmont/Claremont/Mount Hope/Tremont,10457,40.847151,-73.898676,4.42,1584,70,317.4,Yes,August 28-September 3
10458,Belmont/Fordham University/Kingsbridge,10458,40.862531,-73.88817,5.91,1523,90,281.6,Yes,August 28-September 3
10459,Charlotte Gardens/Hunts Point,10459,40.82584,-73.892976,3.05,1181,36,367.6,Yes,August 28-September 3
10460,Charlotte Gardens/Tremont/Van Nest/West Farms,10460,40.841753,-73.879584,4.17,1224,51,280.3,Yes,August 28-September 3
10461,Morris Park/Pelham Bay/Westchester Square,10461,40.847415,-73.840601,5,1241,62,401.2,Yes,August 28-September 3
10462,Parkchester/Pelham Parkway/Van Nest/Westchester Square,10462,40.842874,-73.858772,2.55,1724,44,317.3,Yes,August 28-September 3
10463,Kingsbridge/Marble Hill/Riverdale/Spuyten Duyvil,10463,40.880824,-73.906514,3.18,1822,58,325.8,Yes,August 28-September 3
10464,City Island,10464,40.872311,-73.804653,5.38,93,5,303.4,Yes,August 28-September 3
10465,Country Club/Throgs Neck,10465,40.823931,-73.822886,5.17,832,43,245.8,No,August 28-September 3
10466,Edenwald/Wakefield,10466,40.890965,-73.845912,4.73,1798,85,371.6,Yes,August 28-September 3
10467,Allerton/Norwood/Pelham Parkway/Williamsbridge,10467,40.880939,-73.873956,3.75,2429,91,356.7,Yes,August 28-September 3
10468,Fordham/Kingsbridge/University Heights,10468,40.868161,-73.899844,3.99,1605,64,268.6,Yes,August 28-September 3
10469,Allerton/Baychester/Pelham Gardens/Williamsbridge,10469,40.86876,-73.846984,4.36,1697,74,348.4,Yes,August 28-September 3
10470,Wakefield/Woodlawn,10470,40.895986,-73.86802,2.65,340,9,293.5,Yes,August 28-September 3
10471,Fieldston/North Riverdale/Riverdale,10471,40.899509,-73.901518,2.54,670,17,475.5,Yes,August 28-September 3
10472,Soundview,10472,40.829561,-73.869393,4.92,1382,68,264.8,Yes,August 28-September 3
10473,Castle Hill/Clason Point/Soundview,10473,40.818135,-73.858718,4.7,1618,76,397.6,Yes,August 28-September 3
10474,Hunts Point,10474,40.810595,-73.884618,4.41,295,13,292.3,Yes,August 28-September 3
10475,Co-op City/Edenwald,10475,40.868941,-73.824854,3.85,1144,44,395.4,Yes,August 28-September 3
11004,Bellerose/Douglaston-Little Neck,"11004, 11005",40.748068,-73.710907,4.32,463,20,385.2,Yes,August 28-September 3
11101,Astoria (South)/Long Island City/Sunnyside,11101,40.747077,-73.938586,2.67,1721,46,773.7,Yes,August 28-September 3
11102,Astoria (North),11102,40.772498,-73.925912,1.49,1004,15,519.2,Yes,August 28-September 3
11103,Astoria (North)/Astoria (South),11103,40.762536,-73.913541,2.61,1111,29,495.2,Yes,August 28-September 3
11104,Sunnyside,11104,40.744658,-73.920205,2.2,820,18,507.1,Yes,August 28-September 3
11105,Ditmars Steinway,11105,40.778969,-73.906286,2.61,844,22,331.6,Yes,August 28-September 3
11106,Astoria (South),11106,40.761792,-73.931771,3.38,1212,41,545,Yes,August 28-September 3
11109,Long Island City,11109,40.746211,-73.956999,0.72,278,2,659.4,Yes,August 28-September 3
11201,Brooklyn Heights/DUMBO/Downtown Brooklyn,11201,40.694609,-73.989581,1.86,3003,56,809.1,Yes,August 28-September 3
11203,East Flatbush (North)/East Flatbush (South),11203,40.649576,-73.934363,2.75,2294,63,541.5,Yes,August 28-September 3
11204,Bensonhurst/Mapleton,11204,40.618774,-73.984824,4.97,1570,78,304.8,Yes,August 28-September 3
11205,Bedford-Stuyvesant (West)/Clinton Hill/Fort Greene,11205,40.694625,-73.966212,2.21,1628,36,593.4,Yes,August 28-September 3
11206,Williamsburg (South),11206,40.701957,-73.942361,4.28,2381,102,464.8,Yes,August 28-September 3
11207,Cypress Hills/East New York,11207,40.670819,-73.894255,4.38,2579,113,447,Yes,August 28-September 3
11208,Cypress Hills/East New York,11208,40.668385,-73.871084,3.96,2347,93,386.1,Yes,August 28-September 3
11209,Bay Ridge/Fort Hamilton,11209,40.621811,-74.030011,3.44,2149,74,524.3,Yes,August 28-September 3
11210,Flatlands/Midwood,11210,40.628165,-73.946316,4.25,1529,65,392.8,Yes,August 28-September 3
11211,East Williamsburg/Williamsburg (North)/Williamsburg (South),"11211, 11249",40.712334,-73.953851,3.17,3753,119,613.8,Yes,August 28-September 3
11212,Ocean Hill-Brownsville,11212,40.662935,-73.913011,5.14,2374,122,500.2,Yes,August 28-September 3
11213,Crown Heights (East),11213,40.671074,-73.93633,2.95,2169,64,486.1,Yes,August 28-September 3
11214,Bath Beach/Bensonhurst/Gravesend,11214,40.598729,-73.99621,4.1,1804,74,288.7,Yes,August 28-September 3
11215,Gowanus/Park Slope/Windsor Terrace,11215,40.66252,-73.986872,1.49,2954,44,764.1,Yes,August 28-September 3
11216,Bedford-Stuyvesant (West)/Crown Heights (West),11216,40.680785,-73.94931,2.01,2093,42,687.6,Yes,August 28-September 3
11217,Boerum Hill/Park Slope,"11217, 11243",40.682417,-73.97938,2.5,2238,56,817.2,Yes,August 28-September 3
11218,Kensington/Windsor Terrace,11218,40.64348,-73.976044,3.48,2353,82,517.6,Yes,August 28-September 3
11219,Borough Park,11219,40.632662,-73.996666,5.1,1805,92,287.5,Yes,August 28-September 3
11220,Sunset Park,11220,40.641081,-74.016495,3.28,1705,56,293.9,Yes,August 28-September 3
11221,Bedford-Stuyvesant (East)/Bushwick,11221,40.691339,-73.927885,4.18,2658,111,556.2,Yes,August 28-September 3
11222,Greenpoint,11222,40.728292,-73.947562,2.64,2046,54,1093.5,Yes,August 28-September 3
11223,Gravesend/Homecrest,11223,40.597169,-73.973422,5.37,1528,82,294.5,Yes,August 28-September 3
11224,Brighton Beach/Coney Island/Seagate,11224,40.57666,-73.988581,3.33,1050,35,350.1,Yes,August 28-September 3
11225,Crown Heights (West)/Prospect Lefferts Gardens,11225,40.663056,-73.954226,2.92,1918,56,591.2,Yes,August 28-September 3
11226,Flatbush/Prospect Lefferts Gardens,11226,40.646456,-73.956654,2.7,3228,87,504.3,Yes,August 28-September 3
11228,Bath Beach/Dyker Heights,11228,40.616715,-74.013054,3.82,1022,39,369,Yes,August 28-September 3
11229,Gerritsen Beach/Homecrest/Sheepshead Bay,11229,40.601175,-73.944465,4.89,1698,83,342.4,Yes,August 28-September 3
11230,Midwood,11230,40.622164,-73.965096,3.94,2183,86,401.6,Yes,August 28-September 3
11231,Carroll Gardens/Cobble Hill/Red Hook,11231,40.677562,-74.004445,1.57,1402,22,639.4,Yes,August 28-September 3
11232,Sunset Park,11232,40.655984,-74.005304,3.48,660,23,384,Yes,August 28-September 3
11233,Bedford-Stuyvesant (East)/Ocean Hill-Brownsville,11233,40.678302,-73.919931,3.3,2303,76,511.3,Yes,August 28-September 3
11234,Bergen Beach/Flatlands/Marine Park/Mill Basin,11234,40.60758,-73.910513,4.23,2199,93,415.7,Yes,August 28-September 3
11235,Brighton Beach/Manhattan Beach/Sheepshead Bay,11235,40.583915,-73.949669,3.68,1850,68,406.7,Yes,August 28-September 3
11236,Canarsie,11236,40.640004,-73.901459,3.4,2852,97,520,Yes,August 28-September 3
11237,Bushwick/East Williamsburg,11237,40.704153,-73.920883,3.33,1171,39,420.8,Yes,August 28-September 3
11238,Clinton Hill/Prospect Heights,11238,40.679179,-73.963804,1.83,2518,46,782.5,Yes,August 28-September 3
11239,East New York,11239,40.64753,-73.882398,3.29,486,16,568.3,Yes,August 28-September 3
11354,Flushing/Murray Hill,11354,40.76863,-73.827229,3.76,877,33,254.1,No,August 28-September 3
11355,Flushing/Murray Hill/Queensboro Hill,11355,40.751459,-73.821014,2.32,1165,27,233.3,No,August 28-September 3
11356,College Point,11356,40.784867,-73.841495,3.77,478,18,254.2,No,August 28-September 3
11357,Whitestone,11357,40.78639,-73.810964,3.4,706,24,232.5,No,August 28-September 3
11358,Auburndale/Murray Hill,11358,40.760475,-73.79637,2.42,702,17,324.8,Yes,August 28-September 3
11360,Bayside (North),11360,40.78205,-73.7808,2.84,458,13,362.3,Yes,August 28-September 3
11361,Bayside (North)/Bayside (South),11361,40.763748,-73.772419,2.4,541,13,307.2,Yes,August 28-September 3
11362,Douglaston-Little Neck,11362,40.756533,-73.736995,3.36,357,12,287.3,Yes,August 28-September 3
11363,Douglaston-Little Neck,11363,40.772803,-73.746444,1.29,155,2,356.3,Yes,August 28-September 3
11364,Bayside (South)/Oakland Gardens,11364,40.745279,-73.760578,3.31,785,26,322.2,Yes,August 28-September 3
11365,Auburndale/Fresh Meadows/Pomonok/Utopia,11365,40.739775,-73.794806,3.21,872,28,269.3,Yes,August 28-September 3
11366,Fresh Meadows/Hillcrest,11366,40.728136,-73.784981,4.48,357,16,309.7,Yes,August 28-September 3
11367,Kew Gardens Hills/Pomonok,11367,40.730383,-73.826297,3.05,1015,31,408.1,Yes,August 28-September 3
11368,Corona/North Corona,11368,40.749594,-73.852604,3.39,2034,69,292.7,Yes,August 28-September 3
11369,Airport/East Elmhurst,11369,40.768944,-73.872812,3.92,841,33,347.9,Yes,August 28-September 3
11370,Jackson Heights/Rikers Island,11370,40.763466,-73.891021,2.26,708,16,352.5,Yes,August 28-September 3
11372,Jackson Heights,11372,40.75169,-73.883634,1.93,1501,29,382.3,Yes,August 28-September 3
11373,Elmhurst,11373,40.738823,-73.8785,2.58,1978,51,312,Yes,August 28-September 3
11374,Rego Park,11374,40.726441,-73.861497,3.92,1047,41,340.6,Yes,August 28-September 3
11375,Forest Hills,11375,40.720931,-73.846184,2.6,1884,49,380.3,Yes,August 28-September 3
11377,Woodside,11377,40.744823,-73.90516,2.98,2216,66,442.6,Yes,August 28-September 3
11378,Maspeth,11378,40.724768,-73.909399,6.27,798,50,273.9,Yes,August 28-September 3
11379,Middle Village,11379,40.716758,-73.879597,3.62,746,27,335.7,Yes,August 28-September 3
11385,Glendale/Ridgewood,11385,40.701058,-73.890159,3.86,2279,88,343.6,Yes,August 28-September 3
11411,Cambria Heights,11411,40.694202,-73.735998,2.9,552,16,350.8,Yes,August 28-September 3
11412,St. Albans,11412,40.698095,-73.758984,2.84,1127,32,427.8,Yes,August 28-September 3
11413,Laurelton/Rosedale,11413,40.669738,-73.750842,2.79,1145,32,407.3,Yes,August 28-September 3
11414,Hamilton Beach/Howard Beach/Lindenwood,11414,40.658266,-73.844905,7.13,617,44,327.9,Yes,August 28-September 3
11415,Kew Gardens,11415,40.708323,-73.828212,3.52,512,18,392.1,Yes,August 28-September 3
11416,Ozone Park,11416,40.684652,-73.849549,3.69,542,20,363.8,Yes,August 28-September 3
11417,Ozone Park,11417,40.676457,-73.844522,3.08,714,22,331.8,Yes,August 28-September 3
11418,Richmond Hill,11418,40.700236,-73.836062,3.4,795,27,292.7,Yes,August 28-September 3
11419,Richmond Hill/South Ozone Park,11419,40.688676,-73.822901,2.85,949,27,272.1,Yes,August 28-September 3
11420,South Ozone Park,11420,40.673518,-73.817812,3.75,1066,40,298.9,Yes,August 28-September 3
11421,Woodhaven,11421,40.69405,-73.85867,3.62,745,27,247.2,No,August 28-September 3
11422,Rosedale,11422,40.660819,-73.73608,3.69,867,32,398.3,Yes,August 28-September 3
11423,Hollis/Holliswood,11423,40.71491,-73.767865,2.25,846,19,388.6,Yes,August 28-September 3
11426,Bellerose,11426,40.736521,-73.722384,7.56,463,35,357.1,Yes,August 28-September 3
11427,Bellerose/Hollis Hills/Holliswood,11427,40.730915,-73.745611,4.05,617,25,352.1,Yes,August 28-September 3
11428,Queens Village,11428,40.721015,-73.742206,3.58,559,20,382.1,Yes,August 28-September 3
11429,Queens Village,11429,40.709772,-73.738731,4.79,793,38,435.1,Yes,August 28-September 3
11432,Hillcrest/Jamaica Estates/Jamaica Hills,11432,40.715359,-73.793064,2.48,1449,36,373.6,Yes,August 28-September 3
11433,Jamaica,11433,40.69823,-73.787095,4.36,918,40,369.6,Yes,August 28-September 3
11434,Airport/South Jamaica/Springfield Gardens/St. Albans,11434,40.656866,-73.783386,2.87,1848,53,438.9,Yes,August 28-September 3
11435,Briarwood/Jamaica,11435,40.701291,-73.809618,4.15,1277,53,291,Yes,August 28-September 3
11436,South Jamaica/South Ozone Park,11436,40.675819,-73.796618,6.27,542,34,419.1,Yes,August 28-September 3
11691,Edgemere/Far Rockaway,11691,40.60133,-73.761357,3.71,1456,54,326.1,Yes,August 28-September 3
11692,Arverne/Edgemere,11692,40.592794,-73.792203,3.18,503,16,375.7,Yes,August 28-September 3
11693,Arverne/Broad Channel,11693,40.603699,-73.821926,3.66,246,9,315.7,Yes,August 28-September 3
11694,Belle Harbor-Neponsit/Rockaway Park,11694,40.577599,-73.844553,6.52,414,27,269.5,Yes,August 28-September 3
11697,Breezy Point,11697,40.55907,-73.907199,11.11,108,12,471.6,Yes,August 28-September 3
