modzcta,modzcta_name,label,lat,lon,percentpositivity_7day,people_tested,people_positive,median_daily_test_rate,adequately_tested,daterange
10001,Chelsea/NoMad/West Chelsea,"10001, 10118",40.750693,-73.997137,2.41,1326,32,746,Yes,August 27-September 2
10002,Chinatown/Lower East Side,10002,40.715781,-73.986176,2.84,2499,71,566.9,Yes,August 27-September 2
10003,East Village/Gramercy/Greenwich Village,10003,40.731825,-73.989164,2.03,3061,62,1017.1,Yes,August 27-September 2
10004,Financial District,10004,40.703675,-74.013106,1.52,132,2,672.9,Yes,August 27-September 2
10005,Financial District,10005,40.706092,-74.008861,3.71,404,15,776.5,Yes,August 27-September 2
10006,Financial District,10006,40.709651,-74.013044,1.34,149,2,650.5,Yes,August 27-September 2
10007,TriBeCa,10007,40.713923,-74.007546,3.3,303,10,729.5,Yes,August 27-September 2
10009,Alphabet City/East Village/Stuyvesant Town-Cooper Village,10009,40.72638,-73.978704,3.71,2240,83,755.9,Yes,August 27-September 2
10010,Flatiron/Gramercy/Kips Bay,10010,40.739119,-73.982544,1.98,1567,31,836.5,Yes,August 27-September 2
10011,Chelsea,10011,40.741707,-74.000062,2.34,1964,46,717.6,Yes,August 27-September 2
10012,Greenwich Village/SoHo,10012,40.725576,-73.998078,1.79,1059,19,825,Yes,August 27-September 2
10013,Hudson Square/Little Italy/SoHo/TriBeCa,10013,40.720096,-74.004763,2.7,1113,30,635,Yes,August 27-September 2
10014,Hudson Square/Meatpacking District/West Village,10014,40.73402,-74.006314,2.59,1158,30,626.3,Yes,August 27-September 2
10016,Kips Bay/Murray Hill/NoMad,10016,40.745174,-73.978319,2.38,2645,63,878,Yes,August 27-September 2
10017,East Midtown/Murray Hill,10017,40.752543,-73.973037,1.78,898,16,979.9,Yes,August 27-September 2
10018,Hell's Kitchen/Midtown Manhattan,10018,40.755191,-73.992667,1.49,875,13,1212.8,Yes,August 27-September 2
10019,Hell's Kitchen/Midtown Manhattan,"10019, 10020",40.76528,-73.985974,2.31,2686,62,955.8,Yes,August 27-September 2
10021,Lenox Hill/Upper East Side,10021,40.769474,-73.958771,2.1,1664,35,621.2,Yes,August 27-September 2
10022,East Midtown,10022,40.758676,-73.968098,2.15,1346,29,750.9,Yes,August 27-September 2
10023,Lincoln Square,10023,40.775901,-73.982658,1.31,3195,42,851.4,Yes,August 27-September 2
10024,Upper West Side,10024,40.792085,-73.974871,1.73,2883,50,806.3,Yes,August 27-September 2
10025,Manhattan Valley/Morningside Heights/Upper West Side,10025,40.798651,-73.966585,1.24,5146,64,981.2,Yes,August 27-September 2
10026,Central Harlem (South),10026,40.802341,-73.952521,2.18,1602,35,713.8,Yes,August 27-September 2
10027,Central Harlem (South)/Morningside Heights/West Harlem,10027,40.8118,-73.953204,1.69,3424,58,967,Yes,August 27-September 2
10028,Upper East Side/Yorkville,10028,40.776432,-73.953509,2.33,1845,43,665,Yes,August 27-September 2
10029,East Harlem,10029,40.791777,-73.943969,4.07,2091,85,406.5,Yes,August 27-September 2
10030,Central Harlem (North),10030,40.818326,-73.942842,3.7,918,34,468.1,Yes,August 27-September 2
10031,Hamilton Heights/West Harlem,10031,40.825278,-73.950037,2.59,1662,43,503.2,Yes,August 27-September 2
10032,Washington Heights (South),10032,40.838768,-73.942824,2.74,1715,47,499.6,Yes,August 27-September 2
10033,Washington Heights (North)/Washington Heights (South),10033,40.850497,-73.934007,2.47,1459,36,446,Yes,August 27-September 2
10034,Inwood/Washington Heights (North),10034,40.867168,-73.924048,3.8,921,35,393,Yes,August 27-September 2
10035,East Harlem,10035,40.791,-73.924596,3.12,1059,33,513.6,Yes,August 27-September 2
10036,Hell's Kitchen/Midtown Manhattan,10036,40.75916,-73.989705,2.09,1863,39,1060.9,Yes,August 27-September 2
10037,Central Harlem (North)/East Harlem,10037,40.812957,-73.937419,4.01,723,29,495.4,Yes,August 27-September 2
10038,Chinatown/Financial District,10038,40.709696,-74.002391,3.23,744,24,551.1,Yes,August 27-September 2
10039,Central Harlem (North)/Washington Heights (South),10039,40.830807,-73.936247,3.3,727,24,382.6,Yes,August 27-September 2
10040,Washington Heights (North),10040,40.85831,-73.93049,3.32,1085,36,420.8,Yes,August 27-September 2
10044,Roosevelt Island,10044,40.761931,-73.949924,1.27,629,8,582.6,Yes,August 27-September 2
10065,Lenox Hill/Upper East Side,10065,40.764616,-73.963135,1.53,1508,23,795.7,Yes,August 27-September 2
10069,Lincoln Square,10069,40.775924,-73.990256,1.42,493,7,1273,Yes,August 27-September 2
10075,Lenox Hill/Upper East Side,"10075, 10162",40.773132,-73.955884,1.59,1071,17,811.5,Yes,August 27-September 2
10128,Upper East Side/Yorkville,10128,40.781466,-73.950226,1.77,2377,42,693.3,Yes,August 27-September 2
10280,Battery Park City,10280,40.709318,-74.016654,2.03,295,6,502.9,Yes,August 27-September 2
10282,Battery Park City,10282,40.716409,-74.015077,2.42,165,4,412.8,Yes,August 27-September 2
10301,Silver Lake/St. George,10301,40.628224,-74.096232,6.53,1225,80,478.1,Yes,August 27-September 2
10302,Elm Park,10302,40.630598,-74.137891,5.79,570,33,432.8,Yes,August 27-September 2
10303,Graniteville/Mariner's Harbor/Port Ivory,10303,40.632135,-74.169166,4.15,796,33,471.5,Yes,August 27-September 2
10304,New Dorp/Todt Hill,10304,40.605985,-74.0943,4.75,1431,68,537.2,Yes,August 27-September 2
10305,Arrochar/Midland Beach/Shore Acres/South Beach Ocean Breeze,10305,40.595474,-74.075437,6.1,1263,77,485.3,Yes,August 27-September 2
10306,Lighthouse Hill/Midland Beach/New Dorp/Oakwood,10306,40.571571,-74.125541,6.12,1668,102,501.8,Yes,August 27-September 2
10307,Tottenville,10307,40.507771,-74.24227,8.22,450,37,456,Yes,August 27-September 2
10308,Great Kills,10308,40.551574,-74.150454,7.55,927,70,479.5,Yes,August 27-September 2
10309,Charleston/Prince's Bay/Woodrow,10309,40.531355,-74.220574,8.78,1139,100,540.4,Yes,August 27-September 2
10310,Port Richmond/Randall Manor/West Brighton,10310,40.632398,-74.11618,5.4,759,41,469.3,Yes,August 27-September 2
10312,Annadale/Rossville,10312,40.545128,-74.18169,7.39,1909,141,496.3,Yes,August 27-September 2
10314,Bloomfield/Freshkills Park,10314,40.599333,-74.166462,4.67,2761,129,495,Yes,August 27-September 2
10451,Concourse/Melrose,10451,40.820705,-73.923865,3.59,1336,48,491.9,Yes,August 27-September 2
10452,Concourse/Highbridge,10452,40.837364,-73.923461,4.88,1701,83,353.7,Yes,August 27-September 2
10453,Morris Heights/Mount Hope/University Heights,10453,40.852304,-73.913578,3.22,1524,49,319,Yes,August 27-September 2
10454,Mott Haven/Port Morris,10454,40.805487,-73.916605,3.09,907,28,370.1,Yes,August 27-September 2
10455,Mott Haven,10455,40.8147,-73.908583,2.39,1045,25,398.6,Yes,August 27-September 2
10456,Claremont/Morrisania,10456,40.829884,-73.908121,2.95,1965,58,354.1,Yes,August 27-September 2
10457,Belmont/Claremont/Mount Hope/Tremont,10457,40.847151,-73.898676,3.99,1577,63,321.5,Yes,August 27-September 2
10458,Belmont/Fordham University/Kingsbridge,10458,40.862531,-73.88817,5.79,1538,89,310.6,Yes,August 27-September 2
10459,Charlotte Gardens/Hunts Point,10459,40.82584,-73.892976,3.43,1252,43,403.2,Yes,August 27-September 2
10460,Charlotte Gardens/Tremont/Van Nest/West Farms,10460,40.841753,-73.879584,4.57,1248,57,300.6,Yes,August 27-September 2
10461,Morris Park/Pelham Bay/Westchester Square,10461,40.847415,-73.840601,5.25,1295,68,368.7,Yes,August 27-September 2
10462,Parkchester/Pelham Parkway/Van Nest/Westchester Square,10462,40.842874,-73.858772,2.72,1800,49,394.3,Yes,August 27-September 2
10463,Kingsbridge/Marble Hill/Riverdale/Spuyten Duyvil,10463,40.880824,-73.906514,3.19,1820,58,457.2,Yes,August 27-September 2
10464,City Island,10464,40.872311,-73.804653,6.38,94,6,396.7,Yes,August 27-September 2
10465,Country Club/Throgs Neck,10465,40.823931,-73.822886,4.78,899,43,310.7,Yes,August 27-September 2
10466,Edenwald/Wakefield,10466,40.890965,-73.845912,4.44,1800,80,431.9,Yes,August 27-September 2
10467,Allerton/Norwood/Pelham Parkway/Williamsbridge,10467,40.880939,-73.873956,4.47,2481,111,441.9,Yes,August 27-September 2
10468,Fordham/Kingsbridge/University Heights,10468,40.868161,-73.899844,4.46,1592,71,313.6,Yes,August 27-September 2
10469,Allerton/Baychester/Pelham Gardens/Williamsbridge,10469,40.86876,-73.846984,4.7,1725,81,385.6,Yes,August 27-September 2
10470,Wakefield/Woodlawn,10470,40.895986,-73.86802,2.45,368,9,346.9,Yes,August 27-September 2
10471,Fieldston/North Riverdale/Riverdale,10471,40.899509,-73.901518,1.97,661,13,522.6,Yes,August 27-September 2
10472,Soundview,10472,40.829561,-73.869393,5.39,1428,77,381,Yes,August 27-September 2
10473,Castle Hill/Clason Point/Soundview,10473,40.818135,-73.858718,4.28,1636,70,465.2,Yes,August 27-September 2
10474,Hunts Point,10474,40.810595,-73.884618,4.73,338,16,392.5,Yes,August 27-September 2
10475,Co-op City/Edenwald,10475,40.868941,-73.824854,4.02,1194,48,458.6,Yes,August 27-September 2
11004,Bellerose/Douglaston-Little Neck,"11004, 11005",40.748068,-73.710907,4.03,447,18,364.1,Yes,August 27-September 2
11101,Astoria (South)/Long Island City/Sunnyside,11101,40.747077,-73.938586,2.73,1759,48,887.7,Yes,August 27-September 2
11102,Astoria (North),11102,40.772498,-73.925912,1.49,1009,15,592.4,Yes,August 27-September 2
11103,Astoria (North)/Astoria (South),11103,40.762536,-73.913541,2.32,1120,26,552.4,Yes,August 27-September 2
11104,Sunnyside,11104,40.744658,-73.920205,1.41,849,12,511.1,Yes,August 27-September 2
11105,Ditmars Steinway,11105,40.778969,-73.906286,2.86,873,25,425.5,Yes,August 27-September 2
11106,Astoria (South),11106,40.761792,-73.931771,3.75,1226,46,539.7,Yes,August 27-September 2
11109,Long Island City,11109,40.746211,-73.956999,0.7,284,2,763.5,Yes,August 27-September 2
11201,Brooklyn Heights/DUMBO/Downtown Brooklyn,11201,40.694609,-73.989581,2.03,3001,61,854,Yes,August 27-September 2
11203,East Flatbush (North)/East Flatbush (South),11203,40.649576,-73.934363,3.08,2341,72,534.7,Yes,August 27-September 2
11204,Bensonhurst/Mapleton,11204,40.618774,-73.984824,5.13,1560,80,295.8,Yes,August 27-September 2
11205,Bedford-Stuyvesant (West)/Clinton Hill/Fort Greene,11205,40.694625,-73.966212,2,1597,32,547.1,Yes,August 27-September 2
11206,Williamsburg (South),11206,40.701957,-73.942361,4.58,2448,112,471.7,Yes,August 27-September 2
11207,Cypress Hills/East New York,11207,40.670819,-73.894255,4.52,2586,117,493.1,Yes,August 27-September 2
11208,Cypress Hills/East New York,11208,40.668385,-73.871084,4.02,2340,94,364.1,Yes,August 27-September 2
11209,Bay Ridge/Fort Hamilton,11209,40.621811,-74.030011,3.61,2161,78,524.3,Yes,August 27-September 2
11210,Flatlands/Midwood,11210,40.628165,-73.946316,4.16,1516,63,383.6,Yes,August 27-September 2
11211,East Williamsburg/Williamsburg (North)/Williamsburg (South),"11211, 11249",40.712334,-73.953851,3.62,3730,135,637.4,Yes,August 27-September 2
11212,Ocean Hill-Brownsville,11212,40.662935,-73.913011,5.3,2432,129,569.2,Yes,August 27-September 2
11213,Crown Heights (East),11213,40.671074,-73.93633,3.11,2219,69,563.5,Yes,August 27-September 2
11214,Bath Beach/Bensonhurst/Gravesend,11214,40.598729,-73.99621,4.09,1809,74,294.1,Yes,August 27-September 2
11215,Gowanus/Park Slope/Windsor Terrace,11215,40.66252,-73.986872,1.45,2898,42,693.7,Yes,August 27-September 2
11216,Bedford-Stuyvesant (West)/Crown Heights (West),11216,40.680785,-73.94931,1.88,2124,40,663.9,Yes,August 27-September 2
11217,Boerum Hill/Park Slope,"11217, 11243",40.682417,-73.97938,2.51,2230,56,841.7,Yes,August 27-September 2
11218,Kensington/Windsor Terrace,11218,40.64348,-73.976044,3.52,2416,85,500,Yes,August 27-September 2
11219,Borough Park,11219,40.632662,-73.996666,5.5,1855,102,282,Yes,August 27-September 2
11220,Sunset Park,11220,40.641081,-74.016495,3.02,1754,53,293.9,Yes,August 27-September 2
11221,Bedford-Stuyvesant (East)/Bushwick,11221,40.691339,-73.927885,4.52,2675,121,588.2,Yes,August 27-September 2
11222,Greenpoint,11222,40.728292,-73.947562,2.54,1968,50,1046.4,Yes,August 27-September 2
11223,Gravesend/Homecrest,11223,40.597169,-73.973422,5.88,1513,89,295.7,Yes,August 27-September 2
11224,Brighton Beach/Coney Island/Seagate,11224,40.57666,-73.988581,3.32,1055,35,322,Yes,August 27-September 2
11225,Crown Heights (West)/Prospect Lefferts Gardens,11225,40.663056,-73.954226,2.93,1880,55,570.3,Yes,August 27-September 2
11226,Flatbush/Prospect Lefferts Gardens,11226,40.646456,-73.956654,2.64,3186,84,584.5,Yes,August 27-September 2
11228,Bath Beach/Dyker Heights,11228,40.616715,-74.013054,3.96,1036,41,369,Yes,August 27-September 2
11229,Gerritsen Beach/Homecrest/Sheepshead Bay,11229,40.601175,-73.944465,4.79,1690,81,342.4,Yes,August 27-September 2
11230,Midwood,11230,40.622164,-73.965096,4.41,2130,94,366.7,Yes,August 27-September 2
11231,Carroll Gardens/Cobble Hill/Red Hook,11231,40.677562,-74.004445,1.85,1353,25,634.1,Yes,August 27-September 2
11232,Sunset Park,11232,40.655984,-74.005304,3.63,689,25,380.3,Yes,August 27-September 2
11233,Bedford-Stuyvesant (East)/Ocean Hill-Brownsville,11233,40.678302,-73.919931,3.15,2381,75,579.9,Yes,August 27-September 2
11234,Bergen Beach/Flatlands/Marine Park/Mill Basin,11234,40.60758,-73.910513,4.3,2258,97,406.1,Yes,August 27-September 2
11235,Brighton Beach/Manhattan Beach/Sheepshead Bay,11235,40.583915,-73.949669,4.06,1874,76,401.5,Yes,August 27-September 2
11236,Canarsie,11236,40.640004,-73.901459,3.34,2877,96,510.7,Yes,August 27-September 2
11237,Bushwick/East Williamsburg,11237,40.704153,-73.920883,3.9,1205,47,456.2,Yes,August 27-September 2
11238,Clinton Hill/Prospect Heights,11238,40.679179,-73.963804,2.15,2512,54,823.6,Yes,August 27-September 2
11239,East New York,11239,40.64753,-73.882398,3.86,492,19,629.7,Yes,August 27-September 2
11354,Flushing/Murray Hill,11354,40.76863,-73.827229,3.71,916,34,250.4,No,August 27-September 2
11355,Flushing/Murray Hill/Queensboro Hill,11355,40.751459,-73.821014,2.48,1171,29,238.4,No,August 27-September 2
11356,College Point,11356,40.784867,-73.841495,3.37,504,17,320,Yes,August 27-September 2
11357,Whitestone,11357,40.78639,-73.810964,3.87,749,29,322.9,Yes,August 27-September 2
11358,Auburndale/Murray Hill,11358,40.760475,-73.79637,2.48,725,18,302.6,Yes,August 27-September 2
11360,Bayside (North),11360,40.78205,-73.7808,2.78,468,13,367.5,Yes,August 27-September 2
11361,Bayside (North)/Bayside (South),11361,40.763748,-73.772419,2.51,558,14,341.3,Yes,August 27-September 2
11362,Douglaston-Little Neck,11362,40.756533,-73.736995,3.76,372,14,314.9,Yes,August 27-September 2
11363,Douglaston-Little Neck,11363,40.772803,-73.746444,1.23,163,2,386,Yes,August 27-September 2
11364,Bayside (South)/Oakland Gardens,11364,40.745279,-73.760578,3.21,809,26,311,Yes,August 27-September 2
11365,Auburndale/Fresh Meadows/Pomonok/Utopia,11365,40.739775,-73.794806,3.05,918,28,308.1,Yes,August 27-September 2
11366,Fresh Meadows/Hillcrest,11366,40.728136,-73.784981,5.05,376,19,429.3,Yes,August 27-September 2
11367,Kew Gardens Hills/Pomonok,11367,40.730383,-73.826297,3.57,1093,39,415.5,Yes,August 27-September 2
11368,Corona/North Corona,11368,40.749594,-73.852604,3.42,2103,72,285.4,Yes,August 27-September 2
11369,Airport/East Elmhurst,11369,40.768944,-73.872812,4.18,861,36,380.6,Yes,August 27-September 2
11370,Jackson Heights/Rikers Island,11370,40.763466,-73.891021,3.18,724,23,393.4,Yes,August 27-September 2
11372,Jackson Heights,11372,40.75169,-73.883634,1.77,1524,27,388.9,Yes,August 27-September 2
11373,Elmhurst,11373,40.738823,-73.8785,2.43,2013,49,313.1,Yes,August 27-September 2
11374,Rego Park,11374,40.726441,-73.861497,3.57,1064,38,413.1,Yes,August 27-September 2
11375,Forest Hills,11375,40.720931,-73.846184,2.59,1927,50,432.2,Yes,August 27-September 2
11377,Woodside,11377,40.744823,-73.90516,2.61,2259,59,446.2,Yes,August 27-September 2
11378,Maspeth,11378,40.724768,-73.909399,6.27,798,50,370.7,Yes,August 27-September 2
11379,Middle Village,11379,40.716758,-73.879597,3.61,775,28,330.3,Yes,August 27-September 2
11385,Glendale/Ridgewood,11385,40.701058,-73.890159,3.62,2292,83,384.1,Yes,August 27-September 2
11411,Cambria Heights,11411,40.694202,-73.735998,3.64,577,21,407,Yes,August 27-September 2
11412,St. Albans,11412,40.698095,-73.758984,2.96,1147,34,501.3,Yes,August 27-September 2
11413,Laurelton/Rosedale,11413,40.669738,-73.750842,3,1200,36,430.5,Yes,August 27-September 2
11414,Hamilton Beach/Howard Beach/Lindenwood,11414,40.658266,-73.844905,7.56,648,49,370.3,Yes,August 27-September 2
11415,Kew Gardens,11415,40.708323,-73.828212,3.02,496,15,381.5,Yes,August 27-September 2
11416,Ozone Park,11416,40.684652,-73.849549,4.3,535,23,310.7,Yes,August 27-September 2
11417,Ozone Park,11417,40.676457,-73.844522,3.36,714,24,331.8,Yes,August 27-September 2
11418,Richmond Hill,11418,40.700236,-73.836062,3.88,824,32,369.8,Yes,August 27-September 2
11419,Richmond Hill/South Ozone Park,11419,40.688676,-73.822901,2.88,936,27,261.8,Yes,August 27-September 2
11420,South Ozone Park,11420,40.673518,-73.817812,3.92,1097,43,382.6,Yes,August 27-September 2
11421,Woodhaven,11421,40.69405,-73.85867,3.48,776,27,299.6,Yes,August 27-September 2
11422,Rosedale,11422,40.660819,-73.73608,3.89,874,34,438.4,Yes,August 27-September 2
11423,Hollis/Holliswood,11423,40.71491,-73.767865,1.84,869,16,391.8,Yes,August 27-September 2
11426,Bellerose,11426,40.736521,-73.722384,7.71,480,37,342.2,Yes,August 27-September 2
11427,Bellerose/Hollis Hills/Holliswood,11427,40.730915,-73.745611,3.46,636,22,403,Yes,August 27-September 2
11428,Queens Village,11428,40.721015,-73.742206,3.6,555,20,425.2,Yes,August 27-September 2
11429,Queens Village,11429,40.709772,-73.738731,5,820,41,453.1,Yes,August 27-September 2
11432,Hillcrest/Jamaica Estates/Jamaica Hills,11432,40.715359,-73.793064,2.74,1496,41,381.9,Yes,August 27-September 2
11433,Jamaica,11433,40.69823,-73.787095,4.18,956,40,421.7,Yes,August 27-September 2
11434,Airport/South Jamaica/Springfield Gardens/St. Albans,11434,40.656866,-73.783386,2.93,1874,55,471.8,Yes,August 27-September 2
11435,Briarwood/Jamaica,11435,40.701291,-73.809618,3.64,1346,49,361.2,Yes,August 27-September 2
11436,South Jamaica/South Ozone Park,11436,40.675819,-73.796618,6.47,541,35,409.1,Yes,August 27-September 2
11691,Edgemere/Far Rockaway,11691,40.60133,-73.761357,3.49,1461,51,338,Yes,August 27-September 2
11692,Arverne/Edgemere,11692,40.592794,-73.792203,3.47,518,18,380.4,Yes,August 27-September 2
11693,Arverne/Broad Channel,11693,40.603699,-73.821926,5.47,256,14,315.7,Yes,August 27-September 2
11694,Belle Harbor-Neponsit/Rockaway Park,11694,40.577599,-73.844553,7.86,420,33,332.1,Yes,August 27-September 2
11697,Breezy Point,11697,40.55907,-73.907199,13.86,101,14,412.7,Yes,August 27-September 2
