BOROUGH_GROUP,CONFIRMED_CASE_RATE,CASE_RATE,HOSPITALIZED_RATE,DEATH_RATE,CONFIRMED_CASE_COUNT,PROBABLE_CASE_COUNT,CASE_COUNT,HOSPITALIZED_COUNT,DEATH_COUNT
Bronx,11412.72,13930.05,1739.1,469.11,161856,35701,197557,24664,6653
Brooklyn,9946.59,12068.66,1364.66,416.03,254623,54323,308946,34934,10650
Manhattan,7506.57,9418.46,1003.56,281.45,122260,31139,153399,16345,4584
Queens,10937.51,13252.48,1538.52,447.77,246516,52176,298692,34676,10092
StatenIsland,14560.33,17457.36,1370.6,396.52,69328,13794,83122,6526,1888
Citywide,10251.37,12496.68,1405.44,406.57,854638,187187,1041825,117169,33895
